Lead_ID,Lead_Source,Total_Visits,Total_Time_Spent_on_Website,Last_Activity,Occupation,Email_Opened,Page_Views_Per_Visit,Lead_Age_Days,Converted,Lead_Score,Priority,Rank,AI_Action,AI_Reasons,AI_Urgency,AI_Channel,AI_OneLiner
LEAD-1111,Email Campaign,22,2816,Demo Requested,Working Professional,5,6.81,73,1,0.9882,High,1,Call immediately — this lead has shown strong buying intent. Reference their demo requested and offer a personalized demo.,High engagement: 22 website visits | Activity signal: 'Demo Requested' indicates intent | Source 'Email Campaign' historically converts well,Contact within 24h,Phone,Ready to buy — prioritize a personal outreach today.
LEAD-1082,Cold Call,25,1679,Demo Requested,Unemployed,7,4.86,74,1,0.9843,High,2,Call immediately — this lead has shown strong buying intent. Reference their demo requested and offer a personalized demo.,High engagement: 25 website visits | Activity signal: 'Demo Requested' indicates intent | Source 'Cold Call' historically converts well,Contact within 24h,Phone,Ready to buy — prioritize a personal outreach today.
LEAD-1004,Cold Call,16,2559,Demo Requested,Student,10,7.4,37,1,0.9733,High,3,Call immediately — this lead has shown strong buying intent. Reference their demo requested and offer a personalized demo.,High engagement: 16 website visits | Activity signal: 'Demo Requested' indicates intent | Source 'Cold Call' historically converts well,Contact within 24h,Phone,Ready to buy — prioritize a personal outreach today.
LEAD-1043,Referral,26,2703,Demo Requested,Working Professional,6,2.09,177,1,0.973,High,4,Call immediately — this lead has shown strong buying intent. Reference their demo requested and offer a personalized demo.,High engagement: 26 website visits | Activity signal: 'Demo Requested' indicates intent | Source 'Referral' historically converts well,Contact within 24h,Phone,Ready to buy — prioritize a personal outreach today.
LEAD-1105,Cold Call,17,2569,Demo Requested,Working Professional,3,7.4,3,1,0.9667,High,5,Call immediately — this lead has shown strong buying intent. Reference their demo requested and offer a personalized demo.,High engagement: 17 website visits | Activity signal: 'Demo Requested' indicates intent | Source 'Cold Call' historically converts well,Contact within 24h,Phone,Ready to buy — prioritize a personal outreach today.
LEAD-1080,Cold Call,25,2294,Demo Requested,Businessman,3,5.37,117,1,0.9663,High,6,Call immediately — this lead has shown strong buying intent. Reference their demo requested and offer a personalized demo.,High engagement: 25 website visits | Activity signal: 'Demo Requested' indicates intent | Source 'Cold Call' historically converts well,Contact within 24h,Phone,Ready to buy — prioritize a personal outreach today.
LEAD-1022,Social Media,20,2617,Demo Requested,Unemployed,0,2.44,34,1,0.9653,High,7,Call immediately — this lead has shown strong buying intent. Reference their demo requested and offer a personalized demo.,High engagement: 20 website visits | Activity signal: 'Demo Requested' indicates intent | Source 'Social Media' historically converts well,Contact within 24h,Phone,Ready to buy — prioritize a personal outreach today.
LEAD-1009,Cold Call,27,2518,Page Visited,Unemployed,8,5.64,15,1,0.9595,High,8,Call immediately — this lead has shown strong buying intent. Reference their page visited and offer a personalized demo.,High engagement: 27 website visits | Activity signal: 'Page Visited' indicates intent | Source 'Cold Call' historically converts well,Contact within 24h,Email,Ready to buy — prioritize a personal outreach today.
LEAD-1109,Email Campaign,27,2489,No Activity,Other,7,4.88,125,1,0.9542,High,9,Call immediately — this lead has shown strong buying intent. Reference their no activity and offer a personalized demo.,High engagement: 27 website visits | Activity signal: 'No Activity' indicates intent | Source 'Email Campaign' historically converts well,Contact within 24h,Email,Ready to buy — prioritize a personal outreach today.
LEAD-1108,Email Campaign,12,2809,Demo Requested,Student,9,2.92,120,1,0.9519,High,10,Call immediately — this lead has shown strong buying intent. Reference their demo requested and offer a personalized demo.,High engagement: 12 website visits | Activity signal: 'Demo Requested' indicates intent | Source 'Email Campaign' historically converts well,Contact within 24h,Phone,Ready to buy — prioritize a personal outreach today.
LEAD-1044,Referral,16,268,Demo Requested,Other,2,6.01,3,1,0.9503,High,11,Call immediately — this lead has shown strong buying intent. Reference their demo requested and offer a personalized demo.,High engagement: 16 website visits | Activity signal: 'Demo Requested' indicates intent | Source 'Referral' historically converts well,Contact within 24h,Phone,Ready to buy — prioritize a personal outreach today.
LEAD-1198,Cold Call,26,884,Page Visited,Other,11,1.26,98,1,0.9502,High,12,Call immediately — this lead has shown strong buying intent. Reference their page visited and offer a personalized demo.,High engagement: 26 website visits | Activity signal: 'Page Visited' indicates intent | Source 'Cold Call' historically converts well,Contact within 24h,Email,Ready to buy — prioritize a personal outreach today.
LEAD-1158,Website,21,1892,No Activity,Businessman,9,6.6,168,1,0.9484,High,13,Call immediately — this lead has shown strong buying intent. Reference their no activity and offer a personalized demo.,High engagement: 21 website visits | Activity signal: 'No Activity' indicates intent | Source 'Website' historically converts well,Contact within 24h,Email,Ready to buy — prioritize a personal outreach today.
LEAD-1152,Website,21,1649,Demo Requested,Other,10,6.1,40,1,0.9479,High,14,Call immediately — this lead has shown strong buying intent. Reference their demo requested and offer a personalized demo.,High engagement: 21 website visits | Activity signal: 'Demo Requested' indicates intent | Source 'Website' historically converts well,Contact within 24h,Phone,Ready to buy — prioritize a personal outreach today.
LEAD-1047,Cold Call,28,1129,Demo Requested,Unemployed,3,2.55,120,1,0.9475,High,15,Call immediately — this lead has shown strong buying intent. Reference their demo requested and offer a personalized demo.,High engagement: 28 website visits | Activity signal: 'Demo Requested' indicates intent | Source 'Cold Call' historically converts well,Contact within 24h,Phone,Ready to buy — prioritize a personal outreach today.
LEAD-1176,Email Campaign,27,1821,Page Visited,Student,9,2.75,58,1,0.9466,High,16,Call immediately — this lead has shown strong buying intent. Reference their page visited and offer a personalized demo.,High engagement: 27 website visits | Activity signal: 'Page Visited' indicates intent | Source 'Email Campaign' historically converts well,Contact within 24h,Email,Ready to buy — prioritize a personal outreach today.
LEAD-1098,Referral,21,550,Demo Requested,Other,2,1.98,61,1,0.9442,High,17,Call immediately — this lead has shown strong buying intent. Reference their demo requested and offer a personalized demo.,High engagement: 21 website visits | Activity signal: 'Demo Requested' indicates intent | Source 'Referral' historically converts well,Contact within 24h,Phone,Ready to buy — prioritize a personal outreach today.
LEAD-1194,Social Media,25,2782,Demo Requested,Unemployed,10,7.03,155,1,0.9387,High,18,Call immediately — this lead has shown strong buying intent. Reference their demo requested and offer a personalized demo.,High engagement: 25 website visits | Activity signal: 'Demo Requested' indicates intent | Source 'Social Media' historically converts well,Contact within 24h,Phone,Ready to buy — prioritize a personal outreach today.
LEAD-1012,Cold Call,29,833,No Activity,Working Professional,8,2.04,93,1,0.9384,High,19,Call immediately — this lead has shown strong buying intent. Reference their no activity and offer a personalized demo.,High engagement: 29 website visits | Activity signal: 'No Activity' indicates intent | Source 'Cold Call' historically converts well,Contact within 24h,Email,Ready to buy — prioritize a personal outreach today.
LEAD-1107,Social Media,16,2849,Demo Requested,Working Professional,13,5.04,13,1,0.9381,High,20,Call immediately — this lead has shown strong buying intent. Reference their demo requested and offer a personalized demo.,High engagement: 16 website visits | Activity signal: 'Demo Requested' indicates intent | Source 'Social Media' historically converts well,Contact within 24h,Phone,Ready to buy — prioritize a personal outreach today.
LEAD-1165,Referral,22,977,No Activity,Working Professional,14,1.96,13,1,0.9364,High,21,Call immediately — this lead has shown strong buying intent. Reference their no activity and offer a personalized demo.,High engagement: 22 website visits | Activity signal: 'No Activity' indicates intent | Source 'Referral' historically converts well,Contact within 24h,Email,Ready to buy — prioritize a personal outreach today.
LEAD-1060,Referral,19,2838,No Activity,Student,0,6.81,37,1,0.9348,High,22,Call immediately — this lead has shown strong buying intent. Reference their no activity and offer a personalized demo.,High engagement: 19 website visits | Activity signal: 'No Activity' indicates intent | Source 'Referral' historically converts well,Contact within 24h,Email,Ready to buy — prioritize a personal outreach today.
LEAD-1034,Email Campaign,25,1219,No Activity,Businessman,4,2.09,16,1,0.9347,High,23,Call immediately — this lead has shown strong buying intent. Reference their no activity and offer a personalized demo.,High engagement: 25 website visits | Activity signal: 'No Activity' indicates intent | Source 'Email Campaign' historically converts well,Contact within 24h,Email,Ready to buy — prioritize a personal outreach today.
LEAD-1150,Website,17,616,Email Opened,Other,8,1.75,40,1,0.9336,High,24,Call immediately — this lead has shown strong buying intent. Reference their email opened and offer a personalized demo.,High engagement: 17 website visits | Activity signal: 'Email Opened' indicates intent | Source 'Website' historically converts well,Contact within 24h,Email,Ready to buy — prioritize a personal outreach today.
LEAD-1036,Email Campaign,18,876,No Activity,Working Professional,7,7.03,10,1,0.9321,High,25,Call immediately — this lead has shown strong buying intent. Reference their no activity and offer a personalized demo.,High engagement: 18 website visits | Activity signal: 'No Activity' indicates intent | Source 'Email Campaign' historically converts well,Contact within 24h,Email,Ready to buy — prioritize a personal outreach today.
LEAD-1021,Cold Call,19,2361,Page Visited,Working Professional,5,7.29,170,1,0.9308,High,26,Call immediately — this lead has shown strong buying intent. Reference their page visited and offer a personalized demo.,High engagement: 19 website visits | Activity signal: 'Page Visited' indicates intent | Source 'Cold Call' historically converts well,Contact within 24h,Email,Ready to buy — prioritize a personal outreach today.
LEAD-1136,Social Media,17,2444,Page Visited,Other,4,4.96,146,1,0.9286,High,27,Call immediately — this lead has shown strong buying intent. Reference their page visited and offer a personalized demo.,High engagement: 17 website visits | Activity signal: 'Page Visited' indicates intent | Source 'Social Media' historically converts well,Contact within 24h,Email,Ready to buy — prioritize a personal outreach today.
LEAD-1056,Social Media,23,1369,Demo Requested,Unemployed,3,1.7,49,1,0.9266,High,28,Call immediately — this lead has shown strong buying intent. Reference their demo requested and offer a personalized demo.,High engagement: 23 website visits | Activity signal: 'Demo Requested' indicates intent | Source 'Social Media' historically converts well,Contact within 24h,Phone,Ready to buy — prioritize a personal outreach today.
LEAD-1064,Referral,20,1664,No Activity,Student,6,3.05,39,1,0.9239,High,29,Call immediately — this lead has shown strong buying intent. Reference their no activity and offer a personalized demo.,High engagement: 20 website visits | Activity signal: 'No Activity' indicates intent | Source 'Referral' historically converts well,Contact within 24h,Email,Ready to buy — prioritize a personal outreach today.
LEAD-1191,Cold Call,26,2502,Page Visited,Businessman,1,7.8,39,1,0.923,High,30,Call immediately — this lead has shown strong buying intent. Reference their page visited and offer a personalized demo.,High engagement: 26 website visits | Activity signal: 'Page Visited' indicates intent | Source 'Cold Call' historically converts well,Contact within 24h,Email,Ready to buy — prioritize a personal outreach today.
LEAD-1171,Website,18,1548,Demo Requested,Working Professional,4,6.13,155,1,0.9218,High,31,Call immediately — this lead has shown strong buying intent. Reference their demo requested and offer a personalized demo.,High engagement: 18 website visits | Activity signal: 'Demo Requested' indicates intent | Source 'Website' historically converts well,Contact within 24h,Phone,Ready to buy — prioritize a personal outreach today.
LEAD-1067,Referral,24,512,Demo Requested,Student,3,1.6,88,1,0.9218,High,32,Call immediately — this lead has shown strong buying intent. Reference their demo requested and offer a personalized demo.,High engagement: 24 website visits | Activity signal: 'Demo Requested' indicates intent | Source 'Referral' historically converts well,Contact within 24h,Phone,Ready to buy — prioritize a personal outreach today.
LEAD-1065,Social Media,24,1081,Demo Requested,Working Professional,0,7.27,63,1,0.92,High,33,Call immediately — this lead has shown strong buying intent. Reference their demo requested and offer a personalized demo.,High engagement: 24 website visits | Activity signal: 'Demo Requested' indicates intent | Source 'Social Media' historically converts well,Contact within 24h,Phone,Ready to buy — prioritize a personal outreach today.
LEAD-1130,Email Campaign,28,1636,Page Visited,Unemployed,11,2.72,124,1,0.9179,High,34,Call immediately — this lead has shown strong buying intent. Reference their page visited and offer a personalized demo.,High engagement: 28 website visits | Activity signal: 'Page Visited' indicates intent | Source 'Email Campaign' historically converts well,Contact within 24h,Email,Ready to buy — prioritize a personal outreach today.
LEAD-1186,Cold Call,16,1635,Form Submitted,Businessman,9,7.41,82,1,0.9179,High,35,Call immediately — this lead has shown strong buying intent. Reference their form submitted and offer a personalized demo.,High engagement: 16 website visits | Activity signal: 'Form Submitted' indicates intent | Source 'Cold Call' historically converts well,Contact within 24h,Email,Ready to buy — prioritize a personal outreach today.
LEAD-1145,Social Media,28,775,No Activity,Other,5,1.36,62,1,0.9175,High,36,Call immediately — this lead has shown strong buying intent. Reference their no activity and offer a personalized demo.,High engagement: 28 website visits | Activity signal: 'No Activity' indicates intent | Source 'Social Media' historically converts well,Contact within 24h,Email,Ready to buy — prioritize a personal outreach today.
LEAD-1042,Social Media,16,2983,Demo Requested,Unemployed,2,1.18,65,1,0.9162,High,37,Call immediately — this lead has shown strong buying intent. Reference their demo requested and offer a personalized demo.,High engagement: 16 website visits | Activity signal: 'Demo Requested' indicates intent | Source 'Social Media' historically converts well,Contact within 24h,Phone,Ready to buy — prioritize a personal outreach today.
LEAD-1024,Website,20,1715,No Activity,Businessman,14,1.26,13,1,0.913,High,38,Call immediately — this lead has shown strong buying intent. Reference their no activity and offer a personalized demo.,High engagement: 20 website visits | Activity signal: 'No Activity' indicates intent | Source 'Website' historically converts well,Contact within 24h,Email,Ready to buy — prioritize a personal outreach today.
LEAD-1101,Website,24,1757,Demo Requested,Working Professional,9,4.68,178,1,0.913,High,39,Call immediately — this lead has shown strong buying intent. Reference their demo requested and offer a personalized demo.,High engagement: 24 website visits | Activity signal: 'Demo Requested' indicates intent | Source 'Website' historically converts well,Contact within 24h,Phone,Ready to buy — prioritize a personal outreach today.
LEAD-1118,Website,19,2305,No Activity,Businessman,11,5.2,67,1,0.9101,High,40,Call immediately — this lead has shown strong buying intent. Reference their no activity and offer a personalized demo.,High engagement: 19 website visits | Activity signal: 'No Activity' indicates intent | Source 'Website' historically converts well,Contact within 24h,Email,Ready to buy — prioritize a personal outreach today.
LEAD-1159,Email Campaign,23,2504,No Activity,Other,13,5.86,92,1,0.9092,High,41,Call immediately — this lead has shown strong buying intent. Reference their no activity and offer a personalized demo.,High engagement: 23 website visits | Activity signal: 'No Activity' indicates intent | Source 'Email Campaign' historically converts well,Contact within 24h,Email,Ready to buy — prioritize a personal outreach today.
LEAD-1139,Cold Call,28,2546,No Activity,Student,9,7.56,176,1,0.9088,High,42,Call immediately — this lead has shown strong buying intent. Reference their no activity and offer a personalized demo.,High engagement: 28 website visits | Activity signal: 'No Activity' indicates intent | Source 'Cold Call' historically converts well,Contact within 24h,Email,Ready to buy — prioritize a personal outreach today.
LEAD-1008,Email Campaign,28,1906,No Activity,Student,3,1.09,39,1,0.9082,High,43,Call immediately — this lead has shown strong buying intent. Reference their no activity and offer a personalized demo.,High engagement: 28 website visits | Activity signal: 'No Activity' indicates intent | Source 'Email Campaign' historically converts well,Contact within 24h,Email,Ready to buy — prioritize a personal outreach today.
LEAD-1131,Cold Call,29,1291,Form Submitted,Other,11,3.73,38,1,0.906,High,44,Call immediately — this lead has shown strong buying intent. Reference their form submitted and offer a personalized demo.,High engagement: 29 website visits | Activity signal: 'Form Submitted' indicates intent | Source 'Cold Call' historically converts well,Contact within 24h,Email,Ready to buy — prioritize a personal outreach today.
LEAD-1173,Social Media,22,2264,Email Opened,Student,8,5.61,7,1,0.9043,High,45,Call immediately — this lead has shown strong buying intent. Reference their email opened and offer a personalized demo.,High engagement: 22 website visits | Activity signal: 'Email Opened' indicates intent | Source 'Social Media' historically converts well,Contact within 24h,Email,Ready to buy — prioritize a personal outreach today.
LEAD-1086,Website,18,1092,Email Opened,Businessman,12,6.35,3,1,0.9041,High,46,Call immediately — this lead has shown strong buying intent. Reference their email opened and offer a personalized demo.,High engagement: 18 website visits | Activity signal: 'Email Opened' indicates intent | Source 'Website' historically converts well,Contact within 24h,Email,Ready to buy — prioritize a personal outreach today.
LEAD-1112,Cold Call,23,1015,Form Submitted,Student,7,2.44,68,1,0.9029,High,47,Call immediately — this lead has shown strong buying intent. Reference their form submitted and offer a personalized demo.,High engagement: 23 website visits | Activity signal: 'Form Submitted' indicates intent | Source 'Cold Call' historically converts well,Contact within 24h,Email,Ready to buy — prioritize a personal outreach today.
LEAD-1162,Cold Call,18,2786,Page Visited,Businessman,6,3.53,59,1,0.9015,High,48,Call immediately — this lead has shown strong buying intent. Reference their page visited and offer a personalized demo.,High engagement: 18 website visits | Activity signal: 'Page Visited' indicates intent | Source 'Cold Call' historically converts well,Contact within 24h,Email,Ready to buy — prioritize a personal outreach today.
LEAD-1046,Referral,20,635,No Activity,Unemployed,9,1.19,142,1,0.9009,High,49,Call immediately — this lead has shown strong buying intent. Reference their no activity and offer a personalized demo.,High engagement: 20 website visits | Activity signal: 'No Activity' indicates intent | Source 'Referral' historically converts well,Contact within 24h,Email,Ready to buy — prioritize a personal outreach today.
LEAD-1137,Referral,17,11,Email Opened,Student,7,4.33,37,1,0.9004,High,50,Call immediately — this lead has shown strong buying intent. Reference their email opened and offer a personalized demo.,High engagement: 17 website visits | Activity signal: 'Email Opened' indicates intent | Source 'Referral' historically converts well,Contact within 24h,Email,Ready to buy — prioritize a personal outreach today.
LEAD-1029,Social Media,18,2660,Form Submitted,Other,0,4.17,123,1,0.8975,High,51,Call immediately — this lead has shown strong buying intent. Reference their form submitted and offer a personalized demo.,High engagement: 18 website visits | Activity signal: 'Form Submitted' indicates intent | Source 'Social Media' historically converts well,Contact within 24h,Email,Ready to buy — prioritize a personal outreach today.
LEAD-1172,Referral,15,2326,Email Opened,Other,14,6.65,166,1,0.896,High,52,Call immediately — this lead has shown strong buying intent. Reference their email opened and offer a personalized demo.,High engagement: 15 website visits | Activity signal: 'Email Opened' indicates intent | Source 'Referral' historically converts well,Contact within 24h,Email,Ready to buy — prioritize a personal outreach today.
LEAD-1174,Social Media,23,2914,Page Visited,Unemployed,4,5.85,133,1,0.8905,High,53,Call immediately — this lead has shown strong buying intent. Reference their page visited and offer a personalized demo.,High engagement: 23 website visits | Activity signal: 'Page Visited' indicates intent | Source 'Social Media' historically converts well,Contact within 24h,Email,Ready to buy — prioritize a personal outreach today.
LEAD-1156,Social Media,20,2808,Form Submitted,Working Professional,4,2.72,147,1,0.8891,High,54,Call immediately — this lead has shown strong buying intent. Reference their form submitted and offer a personalized demo.,High engagement: 20 website visits | Activity signal: 'Form Submitted' indicates intent | Source 'Social Media' historically converts well,Contact within 24h,Email,Ready to buy — prioritize a personal outreach today.
LEAD-1090,Email Campaign,16,957,Email Opened,Working Professional,14,7.26,5,1,0.8886,High,55,Call immediately — this lead has shown strong buying intent. Reference their email opened and offer a personalized demo.,High engagement: 16 website visits | Activity signal: 'Email Opened' indicates intent | Source 'Email Campaign' historically converts well,Contact within 24h,Email,Ready to buy — prioritize a personal outreach today.
LEAD-1193,Referral,18,717,Form Submitted,Other,1,4.32,46,1,0.8849,High,56,Call immediately — this lead has shown strong buying intent. Reference their form submitted and offer a personalized demo.,High engagement: 18 website visits | Activity signal: 'Form Submitted' indicates intent | Source 'Referral' historically converts well,Contact within 24h,Email,Ready to buy — prioritize a personal outreach today.
LEAD-1016,Social Media,27,853,Form Submitted,Other,6,4.52,16,1,0.8844,High,57,Call immediately — this lead has shown strong buying intent. Reference their form submitted and offer a personalized demo.,High engagement: 27 website visits | Activity signal: 'Form Submitted' indicates intent | Source 'Social Media' historically converts well,Contact within 24h,Email,Ready to buy — prioritize a personal outreach today.
LEAD-1048,Referral,17,1693,Form Submitted,Student,14,2.62,158,1,0.8818,High,58,Call immediately — this lead has shown strong buying intent. Reference their form submitted and offer a personalized demo.,High engagement: 17 website visits | Activity signal: 'Form Submitted' indicates intent | Source 'Referral' historically converts well,Contact within 24h,Email,Ready to buy — prioritize a personal outreach today.
LEAD-1051,Social Media,16,119,Form Submitted,Other,0,1.73,37,1,0.8815,High,59,Call immediately — this lead has shown strong buying intent. Reference their form submitted and offer a personalized demo.,High engagement: 16 website visits | Activity signal: 'Form Submitted' indicates intent | Source 'Social Media' historically converts well,Contact within 24h,Email,Ready to buy — prioritize a personal outreach today.
LEAD-1072,Cold Call,17,487,Page Visited,Working Professional,10,3.95,52,1,0.8797,High,60,Call immediately — this lead has shown strong buying intent. Reference their page visited and offer a personalized demo.,High engagement: 17 website visits | Activity signal: 'Page Visited' indicates intent | Source 'Cold Call' historically converts well,Contact within 24h,Email,Ready to buy — prioritize a personal outreach today.
LEAD-1188,Website,29,2492,Email Opened,Working Professional,5,5.88,2,1,0.8768,High,61,Call immediately — this lead has shown strong buying intent. Reference their email opened and offer a personalized demo.,High engagement: 29 website visits | Activity signal: 'Email Opened' indicates intent | Source 'Website' historically converts well,Contact within 24h,Email,Ready to buy — prioritize a personal outreach today.
LEAD-1033,Website,28,1126,No Activity,Businessman,13,4.92,62,1,0.8765,High,62,Call immediately — this lead has shown strong buying intent. Reference their no activity and offer a personalized demo.,High engagement: 28 website visits | Activity signal: 'No Activity' indicates intent | Source 'Website' historically converts well,Contact within 24h,Email,Ready to buy — prioritize a personal outreach today.
LEAD-1126,Cold Call,28,2427,No Activity,Businessman,14,2.16,40,1,0.8759,High,63,Call immediately — this lead has shown strong buying intent. Reference their no activity and offer a personalized demo.,High engagement: 28 website visits | Activity signal: 'No Activity' indicates intent | Source 'Cold Call' historically converts well,Contact within 24h,Email,Ready to buy — prioritize a personal outreach today.
LEAD-1069,Social Media,24,1119,Email Opened,Businessman,1,1.19,62,1,0.8754,High,64,Call immediately — this lead has shown strong buying intent. Reference their email opened and offer a personalized demo.,High engagement: 24 website visits | Activity signal: 'Email Opened' indicates intent | Source 'Social Media' historically converts well,Contact within 24h,Email,Ready to buy — prioritize a personal outreach today.
LEAD-1035,Cold Call,25,773,Form Submitted,Unemployed,7,2.27,121,1,0.8729,High,65,Call immediately — this lead has shown strong buying intent. Reference their form submitted and offer a personalized demo.,High engagement: 25 website visits | Activity signal: 'Form Submitted' indicates intent | Source 'Cold Call' historically converts well,Contact within 24h,Email,Ready to buy — prioritize a personal outreach today.
LEAD-1097,Referral,14,2388,Demo Requested,Unemployed,2,2.81,122,1,0.8715,High,66,Call immediately — this lead has shown strong buying intent. Reference their demo requested and offer a personalized demo.,High engagement: 14 website visits | Activity signal: 'Demo Requested' indicates intent | Source 'Referral' historically converts well,Contact within 24h,Phone,Ready to buy — prioritize a personal outreach today.
LEAD-1117,Email Campaign,13,1782,Demo Requested,Businessman,10,5.18,105,1,0.8711,High,67,Call immediately — this lead has shown strong buying intent. Reference their demo requested and offer a personalized demo.,High engagement: 13 website visits | Activity signal: 'Demo Requested' indicates intent | Source 'Email Campaign' historically converts well,Contact within 24h,Phone,Ready to buy — prioritize a personal outreach today.
LEAD-1038,Website,10,2931,Demo Requested,Working Professional,6,3.61,153,1,0.8699,High,68,Call immediately — this lead has shown strong buying intent. Reference their demo requested and offer a personalized demo.,High engagement: 10 website visits | Activity signal: 'Demo Requested' indicates intent | Source 'Website' historically converts well,Contact within 24h,Phone,Ready to buy — prioritize a personal outreach today.
LEAD-1113,Email Campaign,22,1348,Email Opened,Unemployed,6,1.08,142,1,0.8681,High,69,Call immediately — this lead has shown strong buying intent. Reference their email opened and offer a personalized demo.,High engagement: 22 website visits | Activity signal: 'Email Opened' indicates intent | Source 'Email Campaign' historically converts well,Contact within 24h,Email,Ready to buy — prioritize a personal outreach today.
LEAD-1018,Website,19,574,Demo Requested,Unemployed,13,1.47,108,1,0.8658,High,70,Call immediately — this lead has shown strong buying intent. Reference their demo requested and offer a personalized demo.,High engagement: 19 website visits | Activity signal: 'Demo Requested' indicates intent | Source 'Website' historically converts well,Contact within 24h,Phone,Ready to buy — prioritize a personal outreach today.
LEAD-1088,Social Media,22,2141,Email Opened,Unemployed,4,7.08,6,1,0.8628,High,71,Call immediately — this lead has shown strong buying intent. Reference their email opened and offer a personalized demo.,High engagement: 22 website visits | Activity signal: 'Email Opened' indicates intent | Source 'Social Media' historically converts well,Contact within 24h,Email,Ready to buy — prioritize a personal outreach today.
LEAD-1079,Social Media,16,2908,Form Submitted,Businessman,14,2.88,54,1,0.8614,High,72,Call immediately — this lead has shown strong buying intent. Reference their form submitted and offer a personalized demo.,High engagement: 16 website visits | Activity signal: 'Form Submitted' indicates intent | Source 'Social Media' historically converts well,Contact within 24h,Email,Ready to buy — prioritize a personal outreach today.
LEAD-1124,Website,21,1931,Page Visited,Unemployed,8,4.63,170,1,0.859,High,73,Call immediately — this lead has shown strong buying intent. Reference their page visited and offer a personalized demo.,High engagement: 21 website visits | Activity signal: 'Page Visited' indicates intent | Source 'Website' historically converts well,Contact within 24h,Email,Ready to buy — prioritize a personal outreach today.
LEAD-1070,Website,20,1141,Email Opened,Unemployed,9,2.27,77,1,0.8589,High,74,Call immediately — this lead has shown strong buying intent. Reference their email opened and offer a personalized demo.,High engagement: 20 website visits | Activity signal: 'Email Opened' indicates intent | Source 'Website' historically converts well,Contact within 24h,Email,Ready to buy — prioritize a personal outreach today.
LEAD-1045,Website,25,369,Form Submitted,Working Professional,7,5.61,173,1,0.8581,High,75,Call immediately — this lead has shown strong buying intent. Reference their form submitted and offer a personalized demo.,High engagement: 25 website visits | Activity signal: 'Form Submitted' indicates intent | Source 'Website' historically converts well,Contact within 24h,Email,Ready to buy — prioritize a personal outreach today.
LEAD-1163,Website,25,1122,Form Submitted,Student,8,1.64,48,1,0.8573,High,76,Call immediately — this lead has shown strong buying intent. Reference their form submitted and offer a personalized demo.,High engagement: 25 website visits | Activity signal: 'Form Submitted' indicates intent | Source 'Website' historically converts well,Contact within 24h,Email,Ready to buy — prioritize a personal outreach today.
LEAD-1002,Email Campaign,22,19,Form Submitted,Other,4,4.49,98,1,0.8558,High,77,Call immediately — this lead has shown strong buying intent. Reference their form submitted and offer a personalized demo.,High engagement: 22 website visits | Activity signal: 'Form Submitted' indicates intent | Source 'Email Campaign' historically converts well,Contact within 24h,Email,Ready to buy — prioritize a personal outreach today.
LEAD-1083,Cold Call,29,996,Form Submitted,Working Professional,3,4.05,107,1,0.8552,High,78,Call immediately — this lead has shown strong buying intent. Reference their form submitted and offer a personalized demo.,High engagement: 29 website visits | Activity signal: 'Form Submitted' indicates intent | Source 'Cold Call' historically converts well,Contact within 24h,Email,Ready to buy — prioritize a personal outreach today.
LEAD-1132,Social Media,16,1440,No Activity,Working Professional,3,3.02,72,1,0.8542,High,79,Call immediately — this lead has shown strong buying intent. Reference their no activity and offer a personalized demo.,High engagement: 16 website visits | Activity signal: 'No Activity' indicates intent | Source 'Social Media' historically converts well,Contact within 24h,Email,Ready to buy — prioritize a personal outreach today.
LEAD-1099,Website,16,1635,No Activity,Student,3,6.84,123,1,0.8481,High,80,Call immediately — this lead has shown strong buying intent. Reference their no activity and offer a personalized demo.,High engagement: 16 website visits | Activity signal: 'No Activity' indicates intent | Source 'Website' historically converts well,Contact within 24h,Email,Ready to buy — prioritize a personal outreach today.
LEAD-1014,Social Media,20,2774,No Activity,Working Professional,7,1.6,141,1,0.8474,High,81,Call immediately — this lead has shown strong buying intent. Reference their no activity and offer a personalized demo.,High engagement: 20 website visits | Activity signal: 'No Activity' indicates intent | Source 'Social Media' historically converts well,Contact within 24h,Email,Ready to buy — prioritize a personal outreach today.
LEAD-1110,Website,19,1631,Email Opened,Businessman,5,5.56,89,1,0.8465,High,82,Call immediately — this lead has shown strong buying intent. Reference their email opened and offer a personalized demo.,High engagement: 19 website visits | Activity signal: 'Email Opened' indicates intent | Source 'Website' historically converts well,Contact within 24h,Email,Ready to buy — prioritize a personal outreach today.
LEAD-1119,Referral,22,496,Demo Requested,Unemployed,9,5.66,123,1,0.8461,High,83,Call immediately — this lead has shown strong buying intent. Reference their demo requested and offer a personalized demo.,High engagement: 22 website visits | Activity signal: 'Demo Requested' indicates intent | Source 'Referral' historically converts well,Contact within 24h,Phone,Ready to buy — prioritize a personal outreach today.
LEAD-1015,Referral,28,1982,Form Submitted,Student,7,7.98,161,1,0.843,High,84,Call immediately — this lead has shown strong buying intent. Reference their form submitted and offer a personalized demo.,High engagement: 28 website visits | Activity signal: 'Form Submitted' indicates intent | Source 'Referral' historically converts well,Contact within 24h,Email,Ready to buy — prioritize a personal outreach today.
LEAD-1095,Email Campaign,4,2521,Demo Requested,Student,10,4.79,99,1,0.8427,High,85,Call immediately — this lead has shown strong buying intent. Reference their demo requested and offer a personalized demo.,High engagement: 4 website visits | Activity signal: 'Demo Requested' indicates intent | Source 'Email Campaign' historically converts well,Contact within 24h,Phone,Ready to buy — prioritize a personal outreach today.
LEAD-1143,Social Media,6,2896,Form Submitted,Businessman,9,2.84,40,1,0.8421,High,86,Call immediately — this lead has shown strong buying intent. Reference their form submitted and offer a personalized demo.,High engagement: 6 website visits | Activity signal: 'Form Submitted' indicates intent | Source 'Social Media' historically converts well,Contact within 24h,Email,Ready to buy — prioritize a personal outreach today.
LEAD-1195,Email Campaign,24,850,Page Visited,Businessman,0,6.91,113,1,0.8386,High,87,Call immediately — this lead has shown strong buying intent. Reference their page visited and offer a personalized demo.,High engagement: 24 website visits | Activity signal: 'Page Visited' indicates intent | Source 'Email Campaign' historically converts well,Contact within 24h,Email,Ready to buy — prioritize a personal outreach today.
LEAD-1062,Cold Call,16,1931,Email Opened,Businessman,4,5.68,171,1,0.8367,High,88,Call immediately — this lead has shown strong buying intent. Reference their email opened and offer a personalized demo.,High engagement: 16 website visits | Activity signal: 'Email Opened' indicates intent | Source 'Cold Call' historically converts well,Contact within 24h,Email,Ready to buy — prioritize a personal outreach today.
LEAD-1121,Social Media,27,2207,No Activity,Student,7,7.4,137,1,0.8365,High,89,Call immediately — this lead has shown strong buying intent. Reference their no activity and offer a personalized demo.,High engagement: 27 website visits | Activity signal: 'No Activity' indicates intent | Source 'Social Media' historically converts well,Contact within 24h,Email,Ready to buy — prioritize a personal outreach today.
LEAD-1059,Referral,3,1853,Demo Requested,Working Professional,8,6.99,140,1,0.8357,High,90,Call immediately — this lead has shown strong buying intent. Reference their demo requested and offer a personalized demo.,High engagement: 3 website visits | Activity signal: 'Demo Requested' indicates intent | Source 'Referral' historically converts well,Contact within 24h,Phone,Ready to buy — prioritize a personal outreach today.
LEAD-1011,Email Campaign,16,1115,Page Visited,Other,9,7.73,4,1,0.8252,High,91,Call immediately — this lead has shown strong buying intent. Reference their page visited and offer a personalized demo.,High engagement: 16 website visits | Activity signal: 'Page Visited' indicates intent | Source 'Email Campaign' historically converts well,Contact within 24h,Email,Ready to buy — prioritize a personal outreach today.
LEAD-1148,Referral,24,417,Email Opened,Other,13,3.34,67,1,0.8236,High,92,Call immediately — this lead has shown strong buying intent. Reference their email opened and offer a personalized demo.,High engagement: 24 website visits | Activity signal: 'Email Opened' indicates intent | Source 'Referral' historically converts well,Contact within 24h,Email,Ready to buy — prioritize a personal outreach today.
LEAD-1102,Social Media,8,356,Demo Requested,Businessman,10,2.2,82,1,0.8208,High,93,Call immediately — this lead has shown strong buying intent. Reference their demo requested and offer a personalized demo.,High engagement: 8 website visits | Activity signal: 'Demo Requested' indicates intent | Source 'Social Media' historically converts well,Contact within 24h,Phone,Ready to buy — prioritize a personal outreach today.
LEAD-1122,Cold Call,27,851,Form Submitted,Student,13,3.93,153,1,0.8203,High,94,Call immediately — this lead has shown strong buying intent. Reference their form submitted and offer a personalized demo.,High engagement: 27 website visits | Activity signal: 'Form Submitted' indicates intent | Source 'Cold Call' historically converts well,Contact within 24h,Email,Ready to buy — prioritize a personal outreach today.
LEAD-1055,Website,27,1974,Page Visited,Working Professional,10,2.67,143,1,0.8175,High,95,Call immediately — this lead has shown strong buying intent. Reference their page visited and offer a personalized demo.,High engagement: 27 website visits | Activity signal: 'Page Visited' indicates intent | Source 'Website' historically converts well,Contact within 24h,Email,Ready to buy — prioritize a personal outreach today.
LEAD-1000,Social Media,2,35,Email Opened,Businessman,4,1.99,108,1,0.8031,High,96,Call immediately — this lead has shown strong buying intent. Reference their email opened and offer a personalized demo.,High engagement: 2 website visits | Activity signal: 'Email Opened' indicates intent | Source 'Social Media' historically converts well,Contact within 24h,Email,Ready to buy — prioritize a personal outreach today.
LEAD-1151,Website,14,825,No Activity,Student,5,1.53,98,1,0.8019,High,97,Call immediately — this lead has shown strong buying intent. Reference their no activity and offer a personalized demo.,High engagement: 14 website visits | Activity signal: 'No Activity' indicates intent | Source 'Website' historically converts well,Contact within 24h,Email,Ready to buy — prioritize a personal outreach today.
LEAD-1169,Social Media,14,2710,No Activity,Working Professional,7,4.79,170,1,0.8015,High,98,Call immediately — this lead has shown strong buying intent. Reference their no activity and offer a personalized demo.,High engagement: 14 website visits | Activity signal: 'No Activity' indicates intent | Source 'Social Media' historically converts well,Contact within 24h,Email,Ready to buy — prioritize a personal outreach today.
LEAD-1100,Social Media,20,1312,Page Visited,Other,3,7.89,163,1,0.7999,High,99,Call immediately — this lead has shown strong buying intent. Reference their page visited and offer a personalized demo.,High engagement: 20 website visits | Activity signal: 'Page Visited' indicates intent | Source 'Social Media' historically converts well,Contact within 24h,Email,Ready to buy — prioritize a personal outreach today.
LEAD-1027,Referral,8,1077,Email Opened,Student,8,1.46,160,1,0.7948,High,100,Call immediately — this lead has shown strong buying intent. Reference their email opened and offer a personalized demo.,High engagement: 8 website visits | Activity signal: 'Email Opened' indicates intent | Source 'Referral' historically converts well,Contact within 24h,Email,Ready to buy — prioritize a personal outreach today.
LEAD-1041,Website,28,2870,No Activity,Unemployed,5,3.86,133,1,0.7935,High,101,Call immediately — this lead has shown strong buying intent. Reference their no activity and offer a personalized demo.,High engagement: 28 website visits | Activity signal: 'No Activity' indicates intent | Source 'Website' historically converts well,Contact within 24h,Email,Ready to buy — prioritize a personal outreach today.
LEAD-1005,Referral,16,399,No Activity,Other,13,3.54,171,1,0.7933,High,102,Call immediately — this lead has shown strong buying intent. Reference their no activity and offer a personalized demo.,High engagement: 16 website visits | Activity signal: 'No Activity' indicates intent | Source 'Referral' historically converts well,Contact within 24h,Email,Ready to buy — prioritize a personal outreach today.
LEAD-1040,Social Media,7,2914,Email Opened,Businessman,5,5.51,84,1,0.7917,High,103,Call immediately — this lead has shown strong buying intent. Reference their email opened and offer a personalized demo.,High engagement: 7 website visits | Activity signal: 'Email Opened' indicates intent | Source 'Social Media' historically converts well,Contact within 24h,Email,Ready to buy — prioritize a personal outreach today.
LEAD-1023,Website,7,2352,Email Opened,Businessman,6,2.33,158,1,0.7876,High,104,Call immediately — this lead has shown strong buying intent. Reference their email opened and offer a personalized demo.,High engagement: 7 website visits | Activity signal: 'Email Opened' indicates intent | Source 'Website' historically converts well,Contact within 24h,Email,Ready to buy — prioritize a personal outreach today.
LEAD-1073,Referral,8,896,Demo Requested,Other,9,7.25,4,1,0.7818,High,105,Call immediately — this lead has shown strong buying intent. Reference their demo requested and offer a personalized demo.,High engagement: 8 website visits | Activity signal: 'Demo Requested' indicates intent | Source 'Referral' historically converts well,Contact within 24h,Phone,Ready to buy — prioritize a personal outreach today.
LEAD-1190,Referral,23,264,No Activity,Businessman,6,7.47,12,1,0.7815,High,106,Call immediately — this lead has shown strong buying intent. Reference their no activity and offer a personalized demo.,High engagement: 23 website visits | Activity signal: 'No Activity' indicates intent | Source 'Referral' historically converts well,Contact within 24h,Email,Ready to buy — prioritize a personal outreach today.
LEAD-1093,Email Campaign,4,2959,Email Opened,Working Professional,12,1.16,177,1,0.7772,High,107,Call immediately — this lead has shown strong buying intent. Reference their email opened and offer a personalized demo.,High engagement: 4 website visits | Activity signal: 'Email Opened' indicates intent | Source 'Email Campaign' historically converts well,Contact within 24h,Email,Ready to buy — prioritize a personal outreach today.
LEAD-1019,Social Media,26,1148,Email Opened,Working Professional,2,6.25,126,1,0.7702,High,108,Call immediately — this lead has shown strong buying intent. Reference their email opened and offer a personalized demo.,High engagement: 26 website visits | Activity signal: 'Email Opened' indicates intent | Source 'Social Media' historically converts well,Contact within 24h,Email,Ready to buy — prioritize a personal outreach today.
LEAD-1001,Cold Call,6,684,Demo Requested,Working Professional,4,2.23,45,1,0.7586,High,109,Call immediately — this lead has shown strong buying intent. Reference their demo requested and offer a personalized demo.,High engagement: 6 website visits | Activity signal: 'Demo Requested' indicates intent | Source 'Cold Call' historically converts well,Contact within 24h,Phone,Ready to buy — prioritize a personal outreach today.
LEAD-1058,Social Media,9,116,Demo Requested,Student,5,6.06,88,1,0.7538,High,110,Call immediately — this lead has shown strong buying intent. Reference their demo requested and offer a personalized demo.,High engagement: 9 website visits | Activity signal: 'Demo Requested' indicates intent | Source 'Social Media' historically converts well,Contact within 24h,Phone,Ready to buy — prioritize a personal outreach today.
LEAD-1129,Cold Call,5,2738,Page Visited,Businessman,10,5.22,139,1,0.7478,High,111,Call immediately — this lead has shown strong buying intent. Reference their page visited and offer a personalized demo.,High engagement: 5 website visits | Activity signal: 'Page Visited' indicates intent | Source 'Cold Call' historically converts well,Contact within 24h,Email,Ready to buy — prioritize a personal outreach today.
LEAD-1096,Cold Call,1,2479,Page Visited,Student,14,5.43,20,1,0.7438,High,112,Call immediately — this lead has shown strong buying intent. Reference their page visited and offer a personalized demo.,High engagement: 1 website visits | Activity signal: 'Page Visited' indicates intent | Source 'Cold Call' historically converts well,Contact within 24h,Email,Ready to buy — prioritize a personal outreach today.
LEAD-1077,Social Media,20,580,No Activity,Businessman,12,3.66,93,1,0.7342,High,113,Call immediately — this lead has shown strong buying intent. Reference their no activity and offer a personalized demo.,High engagement: 20 website visits | Activity signal: 'No Activity' indicates intent | Source 'Social Media' historically converts well,Contact within 24h,Email,Ready to buy — prioritize a personal outreach today.
LEAD-1141,Cold Call,14,2082,Email Opened,Businessman,11,2.5,81,0,0.7323,High,114,Call immediately — this lead has shown strong buying intent. Reference their email opened and offer a personalized demo.,High engagement: 14 website visits | Activity signal: 'Email Opened' indicates intent | Source 'Cold Call' historically converts well,Contact within 24h,Email,Ready to buy — prioritize a personal outreach today.
LEAD-1138,Referral,12,1630,Form Submitted,Businessman,14,5.65,60,1,0.7012,High,115,Call immediately — this lead has shown strong buying intent. Reference their form submitted and offer a personalized demo.,High engagement: 12 website visits | Activity signal: 'Form Submitted' indicates intent | Source 'Referral' historically converts well,Contact within 24h,Email,Ready to buy — prioritize a personal outreach today.
LEAD-1050,Social Media,1,656,Page Visited,Student,12,1.14,146,1,0.6967,High,116,Call immediately — this lead has shown strong buying intent. Reference their page visited and offer a personalized demo.,High engagement: 1 website visits | Activity signal: 'Page Visited' indicates intent | Source 'Social Media' historically converts well,Contact within 24h,Email,Ready to buy — prioritize a personal outreach today.
LEAD-1170,Website,24,36,No Activity,Unemployed,14,7.11,100,1,0.6902,High,117,Call immediately — this lead has shown strong buying intent. Reference their no activity and offer a personalized demo.,High engagement: 24 website visits | Activity signal: 'No Activity' indicates intent | Source 'Website' historically converts well,Contact within 24h,Email,Ready to buy — prioritize a personal outreach today.
LEAD-1182,Website,1,1365,Demo Requested,Other,2,5.94,107,1,0.6888,High,118,Call immediately — this lead has shown strong buying intent. Reference their demo requested and offer a personalized demo.,High engagement: 1 website visits | Activity signal: 'Demo Requested' indicates intent | Source 'Website' historically converts well,Contact within 24h,Phone,Ready to buy — prioritize a personal outreach today.
LEAD-1049,Social Media,2,1682,Page Visited,Unemployed,14,5.7,68,1,0.6774,High,119,Call immediately — this lead has shown strong buying intent. Reference their page visited and offer a personalized demo.,High engagement: 2 website visits | Activity signal: 'Page Visited' indicates intent | Source 'Social Media' historically converts well,Contact within 24h,Email,Ready to buy — prioritize a personal outreach today.
LEAD-1135,Email Campaign,3,284,Email Opened,Businessman,7,3.08,90,1,0.6698,High,120,Call immediately — this lead has shown strong buying intent. Reference their email opened and offer a personalized demo.,High engagement: 3 website visits | Activity signal: 'Email Opened' indicates intent | Source 'Email Campaign' historically converts well,Contact within 24h,Email,Ready to buy — prioritize a personal outreach today.
LEAD-1087,Website,2,1008,Page Visited,Student,7,1.98,120,1,0.6669,High,121,Call immediately — this lead has shown strong buying intent. Reference their page visited and offer a personalized demo.,High engagement: 2 website visits | Activity signal: 'Page Visited' indicates intent | Source 'Website' historically converts well,Contact within 24h,Email,Ready to buy — prioritize a personal outreach today.
LEAD-1157,Cold Call,29,675,No Activity,Unemployed,4,6.73,80,0,0.6652,High,122,Call immediately — this lead has shown strong buying intent. Reference their no activity and offer a personalized demo.,High engagement: 29 website visits | Activity signal: 'No Activity' indicates intent | Source 'Cold Call' historically converts well,Contact within 24h,Email,Ready to buy — prioritize a personal outreach today.
LEAD-1197,Website,28,143,Page Visited,Unemployed,10,6.8,104,1,0.6432,Medium,123,Send a tailored case study or success story relevant to their occupation. Follow up with a soft call-to-action within 48 hours.,"Moderate engagement (28 visits, 143s on site) | Has shown some interest but not yet committed | Needs nurturing to move down the funnel",Contact within 3 days,Email,Interested but needs nurturing — send a targeted value email.
LEAD-1037,Cold Call,23,991,Email Opened,Unemployed,2,7.62,158,1,0.6373,Medium,124,Send a tailored case study or success story relevant to their occupation. Follow up with a soft call-to-action within 48 hours.,"Moderate engagement (23 visits, 991s on site) | Has shown some interest but not yet committed | Needs nurturing to move down the funnel",Contact within 3 days,Email,Interested but needs nurturing — send a targeted value email.
LEAD-1179,Website,26,595,Form Submitted,Businessman,4,7.91,170,0,0.6007,Medium,125,Send a tailored case study or success story relevant to their occupation. Follow up with a soft call-to-action within 48 hours.,"Moderate engagement (26 visits, 595s on site) | Has shown some interest but not yet committed | Needs nurturing to move down the funnel",Contact within 3 days,Email,Interested but needs nurturing — send a targeted value email.
LEAD-1187,Website,7,395,Email Opened,Student,10,1.24,100,0,0.5696,Medium,126,Send a tailored case study or success story relevant to their occupation. Follow up with a soft call-to-action within 48 hours.,"Moderate engagement (7 visits, 395s on site) | Has shown some interest but not yet committed | Needs nurturing to move down the funnel",Contact within 3 days,Email,Interested but needs nurturing — send a targeted value email.
LEAD-1006,Email Campaign,1,2701,Email Opened,Working Professional,9,5.06,168,0,0.5487,Medium,127,Send a tailored case study or success story relevant to their occupation. Follow up with a soft call-to-action within 48 hours.,"Moderate engagement (1 visits, 2701s on site) | Has shown some interest but not yet committed | Needs nurturing to move down the funnel",Contact within 3 days,Email,Interested but needs nurturing — send a targeted value email.
LEAD-1068,Social Media,1,2849,Email Opened,Student,5,2.46,11,0,0.5447,Medium,128,Send a tailored case study or success story relevant to their occupation. Follow up with a soft call-to-action within 48 hours.,"Moderate engagement (1 visits, 2849s on site) | Has shown some interest but not yet committed | Needs nurturing to move down the funnel",Contact within 3 days,Email,Interested but needs nurturing — send a targeted value email.
LEAD-1092,Email Campaign,9,1227,Form Submitted,Student,11,3.98,47,1,0.5374,Medium,129,Send a tailored case study or success story relevant to their occupation. Follow up with a soft call-to-action within 48 hours.,"Moderate engagement (9 visits, 1227s on site) | Has shown some interest but not yet committed | Needs nurturing to move down the funnel",Contact within 3 days,Email,Interested but needs nurturing — send a targeted value email.
LEAD-1091,Website,29,452,No Activity,Student,3,6.6,54,1,0.5184,Medium,130,Send a tailored case study or success story relevant to their occupation. Follow up with a soft call-to-action within 48 hours.,"Moderate engagement (29 visits, 452s on site) | Has shown some interest but not yet committed | Needs nurturing to move down the funnel",Contact within 3 days,Email,Interested but needs nurturing — send a targeted value email.
LEAD-1185,Social Media,22,2224,No Activity,Unemployed,8,4.98,159,0,0.5128,Medium,131,Send a tailored case study or success story relevant to their occupation. Follow up with a soft call-to-action within 48 hours.,"Moderate engagement (22 visits, 2224s on site) | Has shown some interest but not yet committed | Needs nurturing to move down the funnel",Contact within 3 days,Email,Interested but needs nurturing — send a targeted value email.
LEAD-1181,Email Campaign,8,728,Page Visited,Unemployed,8,1.28,160,1,0.5057,Medium,132,Send a tailored case study or success story relevant to their occupation. Follow up with a soft call-to-action within 48 hours.,"Moderate engagement (8 visits, 728s on site) | Has shown some interest but not yet committed | Needs nurturing to move down the funnel",Contact within 3 days,Email,Interested but needs nurturing — send a targeted value email.
LEAD-1125,Social Media,1,2737,Form Submitted,Other,0,1.33,9,0,0.4936,Medium,133,Send a tailored case study or success story relevant to their occupation. Follow up with a soft call-to-action within 48 hours.,"Moderate engagement (1 visits, 2737s on site) | Has shown some interest but not yet committed | Needs nurturing to move down the funnel",Contact within 3 days,Email,Interested but needs nurturing — send a targeted value email.
LEAD-1084,Website,18,2744,Form Submitted,Working Professional,7,3.06,57,0,0.4571,Medium,134,Send a tailored case study or success story relevant to their occupation. Follow up with a soft call-to-action within 48 hours.,"Moderate engagement (18 visits, 2744s on site) | Has shown some interest but not yet committed | Needs nurturing to move down the funnel",Contact within 3 days,Email,Interested but needs nurturing — send a targeted value email.
LEAD-1178,Cold Call,2,2109,Page Visited,Businessman,8,2.55,23,0,0.4401,Medium,135,Send a tailored case study or success story relevant to their occupation. Follow up with a soft call-to-action within 48 hours.,"Moderate engagement (2 visits, 2109s on site) | Has shown some interest but not yet committed | Needs nurturing to move down the funnel",Contact within 3 days,Email,Interested but needs nurturing — send a targeted value email.
LEAD-1061,Social Media,16,1150,Email Opened,Student,12,3.78,61,0,0.4169,Medium,136,Send a tailored case study or success story relevant to their occupation. Follow up with a soft call-to-action within 48 hours.,"Moderate engagement (16 visits, 1150s on site) | Has shown some interest but not yet committed | Needs nurturing to move down the funnel",Contact within 3 days,Email,Interested but needs nurturing — send a targeted value email.
LEAD-1053,Cold Call,5,1810,No Activity,Working Professional,13,2.25,176,0,0.4134,Medium,137,Send a tailored case study or success story relevant to their occupation. Follow up with a soft call-to-action within 48 hours.,"Moderate engagement (5 visits, 1810s on site) | Has shown some interest but not yet committed | Needs nurturing to move down the funnel",Contact within 3 days,Email,Interested but needs nurturing — send a targeted value email.
LEAD-1089,Email Campaign,3,1773,Email Opened,Other,12,4.41,5,0,0.3975,Low,138,"Add to a drip email campaign. Share educational content (blog posts, webinars). Re-evaluate in 2 weeks.",Low website engagement (3 visits) | No strong activity signal detected | May need education-first content,Nurture over 2 weeks,Email,Early-stage lead — enrol in nurture sequence and revisit later.
LEAD-1116,Referral,6,335,No Activity,Working Professional,13,7.12,11,1,0.3769,Low,139,"Add to a drip email campaign. Share educational content (blog posts, webinars). Re-evaluate in 2 weeks.",Low website engagement (6 visits) | No strong activity signal detected | May need education-first content,Nurture over 2 weeks,Email,Early-stage lead — enrol in nurture sequence and revisit later.
LEAD-1133,Cold Call,19,1191,No Activity,Other,3,3.49,133,0,0.3733,Low,140,"Add to a drip email campaign. Share educational content (blog posts, webinars). Re-evaluate in 2 weeks.",Low website engagement (19 visits) | No strong activity signal detected | May need education-first content,Nurture over 2 weeks,Email,Early-stage lead — enrol in nurture sequence and revisit later.
LEAD-1183,Referral,9,396,Email Opened,Other,14,7.48,158,1,0.3649,Low,141,"Add to a drip email campaign. Share educational content (blog posts, webinars). Re-evaluate in 2 weeks.",Low website engagement (9 visits) | No strong activity signal detected | May need education-first content,Nurture over 2 weeks,Email,Early-stage lead — enrol in nurture sequence and revisit later.
LEAD-1127,Social Media,15,1568,Email Opened,Student,7,6.17,25,0,0.3571,Low,142,"Add to a drip email campaign. Share educational content (blog posts, webinars). Re-evaluate in 2 weeks.",Low website engagement (15 visits) | No strong activity signal detected | May need education-first content,Nurture over 2 weeks,Email,Early-stage lead — enrol in nurture sequence and revisit later.
LEAD-1155,Website,1,728,No Activity,Student,13,4.04,6,0,0.3528,Low,143,"Add to a drip email campaign. Share educational content (blog posts, webinars). Re-evaluate in 2 weeks.",Low website engagement (1 visits) | No strong activity signal detected | May need education-first content,Nurture over 2 weeks,Email,Early-stage lead — enrol in nurture sequence and revisit later.
LEAD-1142,Social Media,21,2774,Form Submitted,Working Professional,14,1.22,114,0,0.3496,Low,144,"Add to a drip email campaign. Share educational content (blog posts, webinars). Re-evaluate in 2 weeks.",Low website engagement (21 visits) | No strong activity signal detected | May need education-first content,Nurture over 2 weeks,Email,Early-stage lead — enrol in nurture sequence and revisit later.
LEAD-1066,Referral,22,633,Email Opened,Other,13,1.09,46,0,0.3345,Low,145,"Add to a drip email campaign. Share educational content (blog posts, webinars). Re-evaluate in 2 weeks.",Low website engagement (22 visits) | No strong activity signal detected | May need education-first content,Nurture over 2 weeks,Email,Early-stage lead — enrol in nurture sequence and revisit later.
LEAD-1180,Website,17,1903,Form Submitted,Student,9,7.61,138,0,0.3266,Low,146,"Add to a drip email campaign. Share educational content (blog posts, webinars). Re-evaluate in 2 weeks.",Low website engagement (17 visits) | No strong activity signal detected | May need education-first content,Nurture over 2 weeks,Email,Early-stage lead — enrol in nurture sequence and revisit later.
LEAD-1094,Website,1,2265,Form Submitted,Other,1,2.88,9,1,0.3209,Low,147,"Add to a drip email campaign. Share educational content (blog posts, webinars). Re-evaluate in 2 weeks.",Low website engagement (1 visits) | No strong activity signal detected | May need education-first content,Nurture over 2 weeks,Email,Early-stage lead — enrol in nurture sequence and revisit later.
LEAD-1184,Referral,11,698,Demo Requested,Working Professional,3,2.26,39,0,0.3148,Low,148,"Add to a drip email campaign. Share educational content (blog posts, webinars). Re-evaluate in 2 weeks.",Low website engagement (11 visits) | No strong activity signal detected | May need education-first content,Nurture over 2 weeks,Email,Early-stage lead — enrol in nurture sequence and revisit later.
LEAD-1166,Social Media,26,1008,Email Opened,Unemployed,5,7.65,107,0,0.3137,Low,149,"Add to a drip email campaign. Share educational content (blog posts, webinars). Re-evaluate in 2 weeks.",Low website engagement (26 visits) | No strong activity signal detected | May need education-first content,Nurture over 2 weeks,Email,Early-stage lead — enrol in nurture sequence and revisit later.
LEAD-1085,Website,14,1243,Demo Requested,Businessman,14,7.64,169,0,0.3135,Low,150,"Add to a drip email campaign. Share educational content (blog posts, webinars). Re-evaluate in 2 weeks.",Low website engagement (14 visits) | No strong activity signal detected | May need education-first content,Nurture over 2 weeks,Email,Early-stage lead — enrol in nurture sequence and revisit later.
LEAD-1114,Website,14,515,Email Opened,Other,14,1.96,101,0,0.3088,Low,151,"Add to a drip email campaign. Share educational content (blog posts, webinars). Re-evaluate in 2 weeks.",Low website engagement (14 visits) | No strong activity signal detected | May need education-first content,Nurture over 2 weeks,Email,Early-stage lead — enrol in nurture sequence and revisit later.
LEAD-1167,Email Campaign,3,2143,Email Opened,Working Professional,6,4.12,45,1,0.3053,Low,152,"Add to a drip email campaign. Share educational content (blog posts, webinars). Re-evaluate in 2 weeks.",Low website engagement (3 visits) | No strong activity signal detected | May need education-first content,Nurture over 2 weeks,Email,Early-stage lead — enrol in nurture sequence and revisit later.
LEAD-1149,Social Media,29,114,Form Submitted,Businessman,7,6.4,56,0,0.2853,Low,153,"Add to a drip email campaign. Share educational content (blog posts, webinars). Re-evaluate in 2 weeks.",Low website engagement (29 visits) | No strong activity signal detected | May need education-first content,Nurture over 2 weeks,Email,Early-stage lead — enrol in nurture sequence and revisit later.
LEAD-1154,Email Campaign,28,412,No Activity,Other,0,5.82,33,0,0.2849,Low,154,"Add to a drip email campaign. Share educational content (blog posts, webinars). Re-evaluate in 2 weeks.",Low website engagement (28 visits) | No strong activity signal detected | May need education-first content,Nurture over 2 weeks,Email,Early-stage lead — enrol in nurture sequence and revisit later.
LEAD-1175,Referral,2,872,Demo Requested,Student,8,6.94,45,0,0.2846,Low,155,"Add to a drip email campaign. Share educational content (blog posts, webinars). Re-evaluate in 2 weeks.",Low website engagement (2 visits) | No strong activity signal detected | May need education-first content,Nurture over 2 weeks,Email,Early-stage lead — enrol in nurture sequence and revisit later.
LEAD-1115,Cold Call,6,2839,Email Opened,Working Professional,9,7.3,98,0,0.2783,Low,156,"Add to a drip email campaign. Share educational content (blog posts, webinars). Re-evaluate in 2 weeks.",Low website engagement (6 visits) | No strong activity signal detected | May need education-first content,Nurture over 2 weeks,Email,Early-stage lead — enrol in nurture sequence and revisit later.
LEAD-1196,Email Campaign,13,1390,Page Visited,Student,10,3.23,17,0,0.2555,Low,157,"Add to a drip email campaign. Share educational content (blog posts, webinars). Re-evaluate in 2 weeks.",Low website engagement (13 visits) | No strong activity signal detected | May need education-first content,Nurture over 2 weeks,Email,Early-stage lead — enrol in nurture sequence and revisit later.
LEAD-1078,Social Media,3,2837,No Activity,Businessman,14,5.13,63,0,0.247,Low,158,"Add to a drip email campaign. Share educational content (blog posts, webinars). Re-evaluate in 2 weeks.",Low website engagement (3 visits) | No strong activity signal detected | May need education-first content,Nurture over 2 weeks,Email,Early-stage lead — enrol in nurture sequence and revisit later.
LEAD-1140,Website,29,753,Page Visited,Working Professional,0,6.13,28,0,0.2415,Low,159,"Add to a drip email campaign. Share educational content (blog posts, webinars). Re-evaluate in 2 weeks.",Low website engagement (29 visits) | No strong activity signal detected | May need education-first content,Nurture over 2 weeks,Email,Early-stage lead — enrol in nurture sequence and revisit later.
LEAD-1106,Email Campaign,1,1781,Page Visited,Other,10,1.82,160,0,0.2348,Low,160,"Add to a drip email campaign. Share educational content (blog posts, webinars). Re-evaluate in 2 weeks.",Low website engagement (1 visits) | No strong activity signal detected | May need education-first content,Nurture over 2 weeks,Email,Early-stage lead — enrol in nurture sequence and revisit later.
LEAD-1128,Cold Call,1,956,Page Visited,Businessman,11,1.58,5,0,0.2341,Low,161,"Add to a drip email campaign. Share educational content (blog posts, webinars). Re-evaluate in 2 weeks.",Low website engagement (1 visits) | No strong activity signal detected | May need education-first content,Nurture over 2 weeks,Email,Early-stage lead — enrol in nurture sequence and revisit later.
LEAD-1199,Social Media,7,395,Form Submitted,Businessman,10,5.17,88,0,0.2282,Low,162,"Add to a drip email campaign. Share educational content (blog posts, webinars). Re-evaluate in 2 weeks.",Low website engagement (7 visits) | No strong activity signal detected | May need education-first content,Nurture over 2 weeks,Email,Early-stage lead — enrol in nurture sequence and revisit later.
LEAD-1007,Email Campaign,9,971,No Activity,Businessman,13,5.43,108,0,0.2281,Low,163,"Add to a drip email campaign. Share educational content (blog posts, webinars). Re-evaluate in 2 weeks.",Low website engagement (9 visits) | No strong activity signal detected | May need education-first content,Nurture over 2 weeks,Email,Early-stage lead — enrol in nurture sequence and revisit later.
LEAD-1030,Email Campaign,8,2311,Page Visited,Other,14,4.67,39,0,0.2259,Low,164,"Add to a drip email campaign. Share educational content (blog posts, webinars). Re-evaluate in 2 weeks.",Low website engagement (8 visits) | No strong activity signal detected | May need education-first content,Nurture over 2 weeks,Email,Early-stage lead — enrol in nurture sequence and revisit later.
LEAD-1192,Social Media,3,1819,Form Submitted,Student,10,7.61,13,0,0.2186,Low,165,"Add to a drip email campaign. Share educational content (blog posts, webinars). Re-evaluate in 2 weeks.",Low website engagement (3 visits) | No strong activity signal detected | May need education-first content,Nurture over 2 weeks,Email,Early-stage lead — enrol in nurture sequence and revisit later.
LEAD-1017,Cold Call,4,50,Page Visited,Other,7,5.17,170,0,0.2134,Low,166,"Add to a drip email campaign. Share educational content (blog posts, webinars). Re-evaluate in 2 weeks.",Low website engagement (4 visits) | No strong activity signal detected | May need education-first content,Nurture over 2 weeks,Email,Early-stage lead — enrol in nurture sequence and revisit later.
LEAD-1063,Referral,3,1012,Form Submitted,Unemployed,10,2.43,124,0,0.2063,Low,167,"Add to a drip email campaign. Share educational content (blog posts, webinars). Re-evaluate in 2 weeks.",Low website engagement (3 visits) | No strong activity signal detected | May need education-first content,Nurture over 2 weeks,Email,Early-stage lead — enrol in nurture sequence and revisit later.
LEAD-1075,Referral,6,703,No Activity,Unemployed,5,3.39,72,0,0.2051,Low,168,"Add to a drip email campaign. Share educational content (blog posts, webinars). Re-evaluate in 2 weeks.",Low website engagement (6 visits) | No strong activity signal detected | May need education-first content,Nurture over 2 weeks,Email,Early-stage lead — enrol in nurture sequence and revisit later.
LEAD-1104,Website,3,1785,Page Visited,Unemployed,4,1.13,145,0,0.2037,Low,169,"Add to a drip email campaign. Share educational content (blog posts, webinars). Re-evaluate in 2 weeks.",Low website engagement (3 visits) | No strong activity signal detected | May need education-first content,Nurture over 2 weeks,Email,Early-stage lead — enrol in nurture sequence and revisit later.
LEAD-1071,Cold Call,11,559,No Activity,Other,4,5.08,153,0,0.2035,Low,170,"Add to a drip email campaign. Share educational content (blog posts, webinars). Re-evaluate in 2 weeks.",Low website engagement (11 visits) | No strong activity signal detected | May need education-first content,Nurture over 2 weeks,Email,Early-stage lead — enrol in nurture sequence and revisit later.
LEAD-1134,Email Campaign,4,1066,Email Opened,Other,4,6.03,176,0,0.2003,Low,171,"Add to a drip email campaign. Share educational content (blog posts, webinars). Re-evaluate in 2 weeks.",Low website engagement (4 visits) | No strong activity signal detected | May need education-first content,Nurture over 2 weeks,Email,Early-stage lead — enrol in nurture sequence and revisit later.
LEAD-1146,Social Media,9,2652,Email Opened,Unemployed,2,4.47,93,0,0.1899,Low,172,"Add to a drip email campaign. Share educational content (blog posts, webinars). Re-evaluate in 2 weeks.",Low website engagement (9 visits) | No strong activity signal detected | May need education-first content,Nurture over 2 weeks,Email,Early-stage lead — enrol in nurture sequence and revisit later.
LEAD-1020,Referral,3,2197,Page Visited,Unemployed,12,2.47,55,1,0.1845,Low,173,"Add to a drip email campaign. Share educational content (blog posts, webinars). Re-evaluate in 2 weeks.",Low website engagement (3 visits) | No strong activity signal detected | May need education-first content,Nurture over 2 weeks,Email,Early-stage lead — enrol in nurture sequence and revisit later.
LEAD-1161,Website,3,2239,Page Visited,Businessman,5,5.13,59,0,0.1813,Low,174,"Add to a drip email campaign. Share educational content (blog posts, webinars). Re-evaluate in 2 weeks.",Low website engagement (3 visits) | No strong activity signal detected | May need education-first content,Nurture over 2 weeks,Email,Early-stage lead — enrol in nurture sequence and revisit later.
LEAD-1144,Social Media,3,89,Email Opened,Unemployed,8,5.17,45,0,0.1807,Low,175,"Add to a drip email campaign. Share educational content (blog posts, webinars). Re-evaluate in 2 weeks.",Low website engagement (3 visits) | No strong activity signal detected | May need education-first content,Nurture over 2 weeks,Email,Early-stage lead — enrol in nurture sequence and revisit later.
LEAD-1039,Referral,3,46,Email Opened,Businessman,2,2.9,103,0,0.1801,Low,176,"Add to a drip email campaign. Share educational content (blog posts, webinars). Re-evaluate in 2 weeks.",Low website engagement (3 visits) | No strong activity signal detected | May need education-first content,Nurture over 2 weeks,Email,Early-stage lead — enrol in nurture sequence and revisit later.
LEAD-1028,Social Media,7,2491,Page Visited,Businessman,0,6.43,96,0,0.1736,Low,177,"Add to a drip email campaign. Share educational content (blog posts, webinars). Re-evaluate in 2 weeks.",Low website engagement (7 visits) | No strong activity signal detected | May need education-first content,Nurture over 2 weeks,Email,Early-stage lead — enrol in nurture sequence and revisit later.
LEAD-1052,Social Media,12,830,Form Submitted,Working Professional,3,6.6,153,0,0.1735,Low,178,"Add to a drip email campaign. Share educational content (blog posts, webinars). Re-evaluate in 2 weeks.",Low website engagement (12 visits) | No strong activity signal detected | May need education-first content,Nurture over 2 weeks,Email,Early-stage lead — enrol in nurture sequence and revisit later.
LEAD-1003,Cold Call,11,2368,No Activity,Student,2,3.93,131,0,0.173,Low,179,"Add to a drip email campaign. Share educational content (blog posts, webinars). Re-evaluate in 2 weeks.",Low website engagement (11 visits) | No strong activity signal detected | May need education-first content,Nurture over 2 weeks,Email,Early-stage lead — enrol in nurture sequence and revisit later.
LEAD-1076,Website,8,1470,No Activity,Working Professional,5,2.82,148,0,0.1698,Low,180,"Add to a drip email campaign. Share educational content (blog posts, webinars). Re-evaluate in 2 weeks.",Low website engagement (8 visits) | No strong activity signal detected | May need education-first content,Nurture over 2 weeks,Email,Early-stage lead — enrol in nurture sequence and revisit later.
LEAD-1147,Email Campaign,5,1625,Page Visited,Working Professional,12,5.18,115,0,0.1606,Low,181,"Add to a drip email campaign. Share educational content (blog posts, webinars). Re-evaluate in 2 weeks.",Low website engagement (5 visits) | No strong activity signal detected | May need education-first content,Nurture over 2 weeks,Email,Early-stage lead — enrol in nurture sequence and revisit later.
LEAD-1160,Email Campaign,1,2967,No Activity,Unemployed,3,2.91,97,0,0.16,Low,182,"Add to a drip email campaign. Share educational content (blog posts, webinars). Re-evaluate in 2 weeks.",Low website engagement (1 visits) | No strong activity signal detected | May need education-first content,Nurture over 2 weeks,Email,Early-stage lead — enrol in nurture sequence and revisit later.
LEAD-1120,Referral,8,895,No Activity,Unemployed,12,2.23,29,0,0.1597,Low,183,"Add to a drip email campaign. Share educational content (blog posts, webinars). Re-evaluate in 2 weeks.",Low website engagement (8 visits) | No strong activity signal detected | May need education-first content,Nurture over 2 weeks,Email,Early-stage lead — enrol in nurture sequence and revisit later.
LEAD-1054,Email Campaign,5,1081,No Activity,Student,6,5.57,73,0,0.1495,Low,184,"Add to a drip email campaign. Share educational content (blog posts, webinars). Re-evaluate in 2 weeks.",Low website engagement (5 visits) | No strong activity signal detected | May need education-first content,Nurture over 2 weeks,Email,Early-stage lead — enrol in nurture sequence and revisit later.
LEAD-1081,Website,3,153,No Activity,Other,12,3.87,110,0,0.149,Low,185,"Add to a drip email campaign. Share educational content (blog posts, webinars). Re-evaluate in 2 weeks.",Low website engagement (3 visits) | No strong activity signal detected | May need education-first content,Nurture over 2 weeks,Email,Early-stage lead — enrol in nurture sequence and revisit later.
LEAD-1164,Email Campaign,10,1571,Email Opened,Working Professional,0,7.42,169,0,0.1466,Low,186,"Add to a drip email campaign. Share educational content (blog posts, webinars). Re-evaluate in 2 weeks.",Low website engagement (10 visits) | No strong activity signal detected | May need education-first content,Nurture over 2 weeks,Email,Early-stage lead — enrol in nurture sequence and revisit later.
LEAD-1025,Email Campaign,9,681,No Activity,Businessman,14,4.3,141,0,0.1376,Low,187,"Add to a drip email campaign. Share educational content (blog posts, webinars). Re-evaluate in 2 weeks.",Low website engagement (9 visits) | No strong activity signal detected | May need education-first content,Nurture over 2 weeks,Email,Early-stage lead — enrol in nurture sequence and revisit later.
LEAD-1153,Website,3,1516,Email Opened,Student,6,4.47,91,0,0.1315,Low,188,"Add to a drip email campaign. Share educational content (blog posts, webinars). Re-evaluate in 2 weeks.",Low website engagement (3 visits) | No strong activity signal detected | May need education-first content,Nurture over 2 weeks,Email,Early-stage lead — enrol in nurture sequence and revisit later.
LEAD-1103,Referral,7,2070,Page Visited,Student,10,2.91,62,0,0.1276,Low,189,"Add to a drip email campaign. Share educational content (blog posts, webinars). Re-evaluate in 2 weeks.",Low website engagement (7 visits) | No strong activity signal detected | May need education-first content,Nurture over 2 weeks,Email,Early-stage lead — enrol in nurture sequence and revisit later.
LEAD-1074,Cold Call,4,1212,No Activity,Working Professional,0,6.72,59,0,0.1238,Low,190,"Add to a drip email campaign. Share educational content (blog posts, webinars). Re-evaluate in 2 weeks.",Low website engagement (4 visits) | No strong activity signal detected | May need education-first content,Nurture over 2 weeks,Email,Early-stage lead — enrol in nurture sequence and revisit later.
LEAD-1177,Website,10,1296,Page Visited,Student,3,4.43,31,0,0.1228,Low,191,"Add to a drip email campaign. Share educational content (blog posts, webinars). Re-evaluate in 2 weeks.",Low website engagement (10 visits) | No strong activity signal detected | May need education-first content,Nurture over 2 weeks,Email,Early-stage lead — enrol in nurture sequence and revisit later.
LEAD-1031,Social Media,1,1595,Page Visited,Student,6,4.09,46,0,0.1218,Low,192,"Add to a drip email campaign. Share educational content (blog posts, webinars). Re-evaluate in 2 weeks.",Low website engagement (1 visits) | No strong activity signal detected | May need education-first content,Nurture over 2 weeks,Email,Early-stage lead — enrol in nurture sequence and revisit later.
LEAD-1057,Referral,9,740,Page Visited,Businessman,12,2.7,121,0,0.1201,Low,193,"Add to a drip email campaign. Share educational content (blog posts, webinars). Re-evaluate in 2 weeks.",Low website engagement (9 visits) | No strong activity signal detected | May need education-first content,Nurture over 2 weeks,Email,Early-stage lead — enrol in nurture sequence and revisit later.
LEAD-1168,Website,8,1687,Form Submitted,Other,2,2.3,89,0,0.1163,Low,194,"Add to a drip email campaign. Share educational content (blog posts, webinars). Re-evaluate in 2 weeks.",Low website engagement (8 visits) | No strong activity signal detected | May need education-first content,Nurture over 2 weeks,Email,Early-stage lead — enrol in nurture sequence and revisit later.
LEAD-1010,Social Media,6,1166,Page Visited,Unemployed,12,2.25,120,0,0.1156,Low,195,"Add to a drip email campaign. Share educational content (blog posts, webinars). Re-evaluate in 2 weeks.",Low website engagement (6 visits) | No strong activity signal detected | May need education-first content,Nurture over 2 weeks,Email,Early-stage lead — enrol in nurture sequence and revisit later.
LEAD-1013,Referral,3,1823,Form Submitted,Student,1,3.9,153,0,0.1043,Low,196,"Add to a drip email campaign. Share educational content (blog posts, webinars). Re-evaluate in 2 weeks.",Low website engagement (3 visits) | No strong activity signal detected | May need education-first content,Nurture over 2 weeks,Email,Early-stage lead — enrol in nurture sequence and revisit later.
LEAD-1032,Social Media,11,4,No Activity,Businessman,1,3.81,29,0,0.0854,Low,197,"Add to a drip email campaign. Share educational content (blog posts, webinars). Re-evaluate in 2 weeks.",Low website engagement (11 visits) | No strong activity signal detected | May need education-first content,Nurture over 2 weeks,Email,Early-stage lead — enrol in nurture sequence and revisit later.
LEAD-1123,Email Campaign,2,1687,No Activity,Unemployed,1,3.68,76,0,0.0841,Low,198,"Add to a drip email campaign. Share educational content (blog posts, webinars). Re-evaluate in 2 weeks.",Low website engagement (2 visits) | No strong activity signal detected | May need education-first content,Nurture over 2 weeks,Email,Early-stage lead — enrol in nurture sequence and revisit later.
LEAD-1189,Email Campaign,10,75,No Activity,Other,1,3.08,77,0,0.0816,Low,199,"Add to a drip email campaign. Share educational content (blog posts, webinars). Re-evaluate in 2 weeks.",Low website engagement (10 visits) | No strong activity signal detected | May need education-first content,Nurture over 2 weeks,Email,Early-stage lead — enrol in nurture sequence and revisit later.
LEAD-1026,Email Campaign,1,837,Page Visited,Businessman,0,4.95,18,0,0.0493,Low,200,"Add to a drip email campaign. Share educational content (blog posts, webinars). Re-evaluate in 2 weeks.",Low website engagement (1 visits) | No strong activity signal detected | May need education-first content,Nurture over 2 weeks,Email,Early-stage lead — enrol in nurture sequence and revisit later.
